Workbook

Sheet Economy_Table
A1: Level | B1: Tokens Needed | C1: Reward (Coins) | D1: Difficulty
A2: 1 | B2: 10 | C2: 50 | D2: Easy
A3: 2 | B3: 15 | C3: 70 | D3: Easy
A4: 3 | B4: 20 | C4: 100 | D4: Medium
A5: 4 | B5: 25 | C5: 130 | D5: Medium
A6: 5 | B6: 30 | C6: 200 | D6: Hard

Sheet Simulation
A1: Play | B1: Level | C1: Tokens Used | D1: Coins Earned
A2: 1 | B2: =MIN(5,INT((A2-1)/4)+1) | C2: =VLOOKUP(B2,Economy_Table!A2:D6,2,FALSE) | D2: =VLOOKUP(B2,Economy_Table!A2:D6,3,FALSE)
A3: 2 | B3: =MIN(5,INT((A3-1)/4)+1) | C3: =VLOOKUP(B3,Economy_Table!A2:D6,2,FALSE) | D3: =VLOOKUP(B3,Economy_Table!A2:D6,3,FALSE)
A4: 3 | B4: =MIN(5,INT((A4-1)/4)+1) | C4: =VLOOKUP(B4,Economy_Table!A2:D6,2,FALSE) | D4: =VLOOKUP(B4,Economy_Table!A2:D6,3,FALSE)
A5: 4 | B5: =MIN(5,INT((A5-1)/4)+1) | C5: =VLOOKUP(B5,Economy_Table!A2:D6,2,FALSE) | D5: =VLOOKUP(B5,Economy_Table!A2:D6,3,FALSE)
A6: 5 | B6: =MIN(5,INT((A6-1)/4)+1) | C6: =VLOOKUP(B6,Economy_Table!A2:D6,2,FALSE) | D6: =VLOOKUP(B6,Economy_Table!A2:D6,3,FALSE)
A7: 6 | B7: =MIN(5,INT((A7-1)/4)+1) | C7: =VLOOKUP(B7,Economy_Table!A2:D6,2,FALSE) | D7: =VLOOKUP(B7,Economy_Table!A2:D6,3,FALSE)
A8: 7 | B8: =MIN(5,INT((A8-1)/4)+1) | C8: =VLOOKUP(B8,Economy_Table!A2:D6,2,FALSE) | D8: =VLOOKUP(B8,Economy_Table!A2:D6,3,FALSE)
A9: 8 | B9: =MIN(5,INT((A9-1)/4)+1) | C9: =VLOOKUP(B9,Economy_Table!A2:D6,2,FALSE) | D9: =VLOOKUP(B9,Economy_Table!A2:D6,3,FALSE)
A10: 9 | B10: =MIN(5,INT((A10-1)/4)+1) | C10: =VLOOKUP(B10,Economy_Table!A2:D6,2,FALSE) | D10: =VLOOKUP(B10,Economy_Table!A2:D6,3,FALSE)
A11: 10 | B11: =MIN(5,INT((A11-1)/4)+1) | C11: =VLOOKUP(B11,Economy_Table!A2:D6,2,FALSE) | D11: =VLOOKUP(B11,Economy_Table!A2:D6,3,FALSE)
A12: 11 | B12: =MIN(5,INT((A12-1)/4)+1) | C12: =VLOOKUP(B12,Economy_Table!A2:D6,2,FALSE) | D12: =VLOOKUP(B12,Economy_Table!A2:D6,3,FALSE)
A13: 12 | B13: =MIN(5,INT((A13-1)/4)+1) | C13: =VLOOKUP(B13,Economy_Table!A2:D6,2,FALSE) | D13: =VLOOKUP(B13,Economy_Table!A2:D6,3,FALSE)
A14: 13 | B14: =MIN(5,INT((A14-1)/4)+1) | C14: =VLOOKUP(B14,Economy_Table!A2:D6,2,FALSE) | D14: =VLOOKUP(B14,Economy_Table!A2:D6,3,FALSE)
A15: 14 | B15: =MIN(5,INT((A15-1)/4)+1) | C15: =VLOOKUP(B15,Economy_Table!A2:D6,2,FALSE) | D15: =VLOOKUP(B15,Economy_Table!A2:D6,3,FALSE)
A16: 15 | B16: =MIN(5,INT((A16-1)/4)+1) | C16: =VLOOKUP(B16,Economy_Table!A2:D6,2,FALSE) | D16: =VLOOKUP(B16,Economy_Table!A2:D6,3,FALSE)
A17: 16 | B17: =MIN(5,INT((A17-1)/4)+1) | C17: =VLOOKUP(B17,Economy_Table!A2:D6,2,FALSE) | D17: =VLOOKUP(B17,Economy_Table!A2:D6,3,FALSE)
A18: 17 | B18: =MIN(5,INT((A18-1)/4)+1) | C18: =VLOOKUP(B18,Economy_Table!A2:D6,2,FALSE) | D18: =VLOOKUP(B18,Economy_Table!A2:D6,3,FALSE)
A19: 18 | B19: =MIN(5,INT((A19-1)/4)+1) | C19: =VLOOKUP(B19,Economy_Table!A2:D6,2,FALSE) | D19: =VLOOKUP(B19,Economy_Table!A2:D6,3,FALSE)
A20: 19 | B20: =MIN(5,INT((A20-1)/4)+1) | C20: =VLOOKUP(B20,Economy_Table!A2:D6,2,FALSE) | D20: =VLOOKUP(B20,Economy_Table!A2:D6,3,FALSE)
A21: 20 | B21: =MIN(5,INT((A21-1)/4)+1) | C21: =VLOOKUP(B21,Economy_Table!A2:D6,2,FALSE) | D21: =VLOOKUP(B21,Economy_Table!A2:D6,3,FALSE)

Sheet Summary
A1: Metric | B1: Value
A2: Total Plays | B2: =COUNTA(Simulation!A2:A21)
A3: Total Coins Earned | B3: =SUM(Simulation!D2:D21)
A4: Average Coins per Play | B4: =AVERAGE(Simulation!D2:D21)
